"id","response"
"0","Okay, let's see. I need to find the sum of the first 325 positive even whole numbers. Hmm, first, let me recall what the positive even whole numbers are. The first few are 2, 4, 6, 8, ..., right? So the nth positive even whole number is 2n. Wait, let's check: when n=1, it's 2*1=2; n=2, 2*2=4; yeah, that's correct.

So the first 325 positive even whole numbers would be 2, 4, 6, ..., up to 2*325. Let me confirm: the 325th term is 2*325 = 650. So the sequence is an arithmetic sequence where the first term a₁ = 2, the common difference d = 2, and the number of terms n = 325.

The formula for the sum of the first n terms of an arithmetic sequence is Sₙ = n/2 * (a₁ + aₙ). Let me use that. Here, a₁ is 2, aₙ is the 325th term, which is 2*325 = 650. So plugging in, S₃₂₅ = 325/2 * (2 + 650). Let's compute that.

First, 2 + 650 = 652. Then, 325/2 * 652. Let's compute 652 divided by 2 first: 652 / 2 = 326. So then it's 325 * 326. Let me calculate that. 325 * 326. Let's do 325*(300 + 26) = 325*300 + 325*26. 325*300 is 97,500. 325*26: 300*26=7,800; 25*26=650; so 7,800 + 650 = 8,450. So total is 97,500 + 8,450 = 105,950. Wait, is that right?

Alternatively, 325*326. Let's compute 325*326. 325*326 = (300 + 25)(300 + 26) = 300² + 300*26 + 25*300 + 25*26 = 90,000 + 7,800 + 7,500 + 650 = 90,000 + 7,800 is 97,800; 97,800 + 7,500 is 105,300; 105,300 + 650 is 105,950. Yep, that's correct.

Wait, but let me think again. Another way: the sum of the first n even numbers is n(n + 1). Wait, is that true? Let's check with small n. For n=1: sum is 2. 1*(1+1)=2, correct. n=2: 2 + 4 = 6. 2*(2+1)=6, correct. n=3: 2+4+6=12. 3*4=12, correct. Oh! So the sum of the first n positive even numbers is n(n + 1). Wait, that's a simpler formula.

Wait, let's see: the first n even numbers are 2, 4, ..., 2n. So sum is 2 + 4 + ... + 2n = 2(1 + 2 + ... + n) = 2*(n(n + 1)/2) = n(n + 1). Oh! Right! So that's a much simpler way. So sum = n(n + 1). So for n=325, sum is 325*326. Which is exactly what I calculated earlier: 325*326 = 105,950.

Let me confirm with n=3: 3*4=12, which matches 2+4+6=12. Good. n=4: 4*5=20. 2+4+6+8=20. Correct. So the formula is solid.

So the answer should be 325*326 = 105,950. Let me compute 325*326 again to be sure. 325*300=97,500; 325*26=8,450 (since 325*20=6,500; 325*6=1,950; 6,500+1,950=8,450). Then 97,500 + 8,450 = 105,950. Yep, that's correct.

So the sum of the first 325 positive even whole numbers is 105,950.
</think>

To find the **sum of the first 325 positive even whole numbers**, we begin by recognizing that these numbers form an arithmetic sequence:

$$
2, 4, 6, \dots, 650
$$

This is because the $n$-th positive even number is given by $2n$, and for $n = 325$, the last term is:

$$
a_{325} = 2 \times 325 = 650
$$

---

### Step 1: Use the formula for the sum of an arithmetic sequence

The general formula for the sum of the first $n$ terms of an arithmetic sequence is:

$$
S_n = \frac{n}{2}(a_1 + a_n)
$$

Here:
- $n = 325$
- $a_1 = 2$
- $a_n = 650$

So,

$$
S_{325} = \frac{325}{2}(2 + 650) = \frac{325}{2} \cdot 652 = 325 \cdot 326
$$

---

### Step 2: Compute $325 \cdot 326$

We compute this directly:

$$
325 \cdot 326 = (300 + 25)(300 + 26) = 300^2 + 300 \cdot 26 + 25 \cdot 300 + 25 \cdot 26
$$

$$
= 90000 + 7800 + 7500 + 650 = 105950
$$

Alternatively, using the known identity:

$$
\text{Sum of first } n \text{ even numbers} = n(n + 1)
$$

So:

$$
S_{325} = 325 \cdot (325 + 1) = 325 \cdot 326 = 105950
$$

---

### Final Answer

$$
\boxed{105950}
$$"
"1","Okay, let's try to solve this integral problem. The question is: What is the value of the integral from negative infinity to positive infinity of (a^(3/2)) divided by (s² + a²) ds? The options are given from A to J.

First, I need to recall some standard integrals, especially improper integrals over the entire real line. I remember that the integral of 1/(x² + b²) dx from -∞ to ∞ is π/b. Let me confirm that. Yes, the standard result is that ∫_{-∞}^∞ 1/(x² + b²) dx = π/b. That's a common integral, often solved using contour integration or trigonometric substitution.

Let me write down the integral we have: ∫_{-∞}^∞ [a^(3/2) / (s² + a²)] ds. Let's factor out the constant a^(3/2) since it's with respect to s. So the integral becomes a^(3/2) * ∫_{-∞}^∞ 1/(s² + a²) ds.

Now, let's focus on the integral ∫_{-∞}^∞ 1/(s² + a²) ds. Let's make a substitution to match the standard form. Let u = s/a, so that s = a u, ds = a du. Then the integral becomes ∫_{-∞}^∞ 1/( (a u)^2 + a² ) * a du = ∫_{-∞}^∞ 1/(a² u² + a²) * a du = ∫_{-∞}^∞ [1/(a²(u² + 1))] * a du = (1/a) ∫_{-∞}^∞ 1/(u² + 1) du.

Ah, right! The integral of 1/(u² + 1) from -∞ to ∞ is π, because that's the arctangent integral: arctan(u) from -∞ to ∞ is π/2 - (-π/2) = π. So ∫_{-∞}^∞ 1/(u² + 1) du = π.

Therefore, going back, the integral ∫_{-∞}^∞ 1/(s² + a²) ds = (1/a) * π.

Wait, let me check that substitution again. Let's do it step by step.

Let’s let t = s / a, so s = a t, ds = a dt. Then when s goes from -∞ to ∞, t also goes from -∞ to ∞.

So substituting into ∫_{-∞}^∞ 1/(s² + a²) ds = ∫_{-∞}^∞ 1/( (a t)^2 + a² ) * a dt = ∫_{-∞}^∞ [1/(a² t² + a²)] * a dt = ∫_{-∞}^∞ [a / (a²(t² + 1))] dt = ∫_{-∞}^∞ [1/(a(t² + 1))] dt = (1/a) ∫_{-∞}^∞ 1/(t² + 1) dt.

Yes, that's correct. And ∫_{-∞}^∞ 1/(t² + 1) dt = π, so the integral becomes π / a.

So the original integral is a^(3/2) * (π / a) = a^(3/2 - 1) * π = a^(1/2) * π = π √a.

Wait, but the problem's options don't have π. Hmm, that's a problem. Wait, maybe I misread the problem. Let me check again.

Wait, the problem says: ""int_{-infty}^{+infty} frac{a^{3/2}}{s^2+a^2} ds = "" and the options are A to J, which are all numerical expressions without π. That suggests that maybe there's a typo, or perhaps I made a mistake.

Wait, no, maybe the problem is written differently. Let me check the original problem again.

The user wrote: ""int_{-infty}^{+infty} frac{a^{3/2}}{s^2+a^2} ds = "" with options from A to J. The options are all in terms of a, but no π. Hmm. That's odd because the standard integral does involve π. Maybe the problem is missing a π, or maybe it's a different integral.

Wait, another thought: maybe the integral is supposed to be from 0 to ∞, but the user wrote -infty to +infty. Let's check.

Wait, if it's from -infty to infty, the integral of 1/(s² + a²) ds is π/a, as we had. So multiplying by a^(3/2) gives π a^(3/2 - 1) = π a^(1/2). But none of the options have π. That's confusing.

Wait, perhaps the problem is written with a different exponent. Let me check the problem statement again.

The user wrote: ""frac{a^{3/2}}{s^2+a^2}"" So the numerator is a^(3/2), denominator is s² + a².

Wait, maybe the problem is a trick question where a is a specific value? But the problem says ""What is the value of the integral"", so a is a parameter. The options are all functions of a, so the answer should be a function of a.

Wait, let's recast the problem. Let's suppose that the integral is ∫_{-infty}^infty [a^{3/2} / (s² + a²)] ds. Let's compute it.

Let me compute the integral ∫_{-infty}^infty 1/(s² + a²) ds. As per standard integral tables, this is (π/a). So multiplying by a^{3/2} gives π a^{3/2} / a = π a^{1/2}.

But the options don't have π. The options are:

A. 0

B. 1/a

C. 3/a

D. 1/(2a²)

E. 1/(2a)

F. 2/a

G. 2a

H. 3/(2a)

I. 3/(2a²)

J. 1/a²

So none of these have π. That suggests that maybe the problem was mistyped, or perhaps the integral is from 0 to ∞ instead of -infty to ∞.

Let's check the integral from 0 to ∞. ∫_{0}^∞ 1/(s² + a²) ds = (1/a)(π/2) = π/(2a). Then multiplying by a^{3/2} gives π a^{3/2}/(2a) = π a^{1/2}/2. Still no π.

Alternatively, maybe the problem is supposed to have a different exponent. For example, if the numerator was a^{1/2} instead of a^{3/2}, then the integral would be a^{1/2} * (π/a) = π / a^{1/2}, but still π is there.

Alternatively, perhaps the problem is a definite integral that evaluates to a simple expression without π, but that's not the case here.

Wait, another possibility: maybe the integral is a Gaussian integral, but no, the denominator is s² + a², not s² e^{-s²}.

Wait, let's think differently. Maybe the problem is in a context where a is a specific value, but the problem states ""a"" as a parameter, so the answer should be in terms of a.

Alternatively, perhaps the user made a mistake in writing the problem. Let me check the original problem again.

The user wrote: ""int_{-infty}^{+infty} frac{a^{3/2}}{s^2+a^2} ds = "" with options A to J. Hmm.

Wait, maybe it's a typo and the numerator is a^{3/2} times something else, but as written, it's a^{3/2} over (s² + a²).

Alternatively, maybe the integral is supposed to be with respect to a, but no, the integral is with respect to s.

Wait, let's compute the integral step by step without substitution.

The integral ∫_{-infty}^infty 1/(s² + a²) ds. Let's compute it using substitution. Let s = a tanθ, then ds = a sec²θ dθ. When s = -infty, θ = -π/2; s = ∞, θ = π/2.

So the integral becomes ∫_{-π/2}^{π/2} [1/(a² tan²θ + a²)] * a sec²θ dθ = ∫_{-π/2}^{π/2} [1/(a² (tan²θ + 1))] * a sec²θ dθ.

Since tan²θ + 1 = sec²θ, this simplifies to ∫ [1/(a² sec²θ)] * a sec²θ dθ = ∫ (a / a²) dθ = ∫ (1/a) dθ from -π/2 to π/2.

So that's (1/a) * (π/2 - (-π/2)) = (1/a)(π) = π/a. So that's correct.

Therefore, the integral ∫_{-infty}^infty [a^{3/2}/(s² + a²)] ds = a^{3/2} * (π/a) = π a^{1/2}.

But the options don't have π. So this is a problem. Maybe the problem is from a source where π is considered to be 1? That's unlikely.

Alternatively, maybe the problem was supposed to have a different exponent. For example, if the integral was ∫_{-infty}^infty [1/(s² + a²)] ds, then the answer would be π/a, but the options don't have that either.

Wait, looking at the options, the closest ones are E: 1/(2a), H: 3/(2a), etc. Maybe the problem is missing a factor of 2 or something.

Alternatively, perhaps the integral is from 0 to ∞, and the user wrote -infty to ∞ by mistake.

Let's check that. If the integral is from 0 to ∞, then ∫_{0}^∞ 1/(s² + a²) ds = (1/a)(π/2) = π/(2a). Then multiplying by a^{3/2} gives π a^{3/2}/(2a) = π a^{1/2}/2. Still no.

Alternatively, maybe the problem is a different integral. Wait, another thought: in some contexts, especially in physics, integrals like ∫_{-infty}^infty e^{-s²} ds = sqrt(π), but this is a different integral.

Wait, let's see the options. The options are all rational functions of a, no π. So the problem must have a typo. Alternatively, maybe the exponent on a is different.

Wait, the user wrote ""a^{3/2}"". Maybe it's a^{3/2} times something else? For example, if the integral was ∫_{-infty}^infty [1/(s² + a²)] ds, then the answer is π/a, but the options don't have that. If the problem was ∫_{-infty}^infty [1/(s² + a²)] ds = π/a, but the options don't have π/a. The options have 1/a, 3/a, etc.

Alternatively, maybe the problem is in a context where a is a specific number, but the problem states ""a"" as a variable.

Wait, another angle: perhaps the integral is a definite integral that evaluates to a simple expression without π because it's a different type of integral. For example, if the integrand was a rational function that can be integrated using partial fractions, but over the reals, the integral of 1/(s² + a²) is (1/a) arctan(s/a) + C, so from -infty to infty, it's (1/a)(π/2 - (-π/2)) = π/a, as we had.

So the answer should be π a^{1/2}, but since the options don't have π, maybe the problem intended to have a different exponent. For example, if the numerator was a^{1/2} instead of a^{3/2}, then the integral would be (π/a) * a^{1/2} = π / a^{1/2}, still with π.

Alternatively, maybe the problem is a multiple-choice question where the answer is supposed to be one of these, but due to a typo, the integral is different.

Wait, let's think of the options. Let's see: option E is 1/(2a), H is 3/(2a), etc. If the integral was ∫_{-infty}^infty [1/(s² + a²)] ds, the answer is π/a. If a=1, then π, which is not in the options. If the problem had a different integrand, like 1/(s² + 1) from -infty to infty, the answer is π, but again, not in options.

Alternatively, maybe the integral is ∫_{-infty}^infty [a^{3/2} / (s^2 + a^2)] ds, but they want the answer in terms of a without π, which is impossible. So this is confusing.

Wait, perhaps the problem is from a source that uses a different convention, like in some engineering contexts, but I can't think of a standard integral that gives one of these options.

Alternatively, maybe the user made a mistake in writing the problem. Let's check the original problem again.

The user wrote: ""int_{-infty}^{+infty} frac{a^{3/2}}{s^2+a^2} ds = "" with options A to J.

Wait, another thought: maybe the integral is with respect to a, not s. Let's check that. If it's ∫_{-infty}^infty [a^{3/2}/(s² + a²)] da, but that doesn't make sense because the limits are on s, and a is a parameter.

No, the integral is with respect to s, as the variable is s.

Hmm. Given that the options don't include π, and the correct answer should involve π, I think there's a typo in the problem. But since the user is asking for an answer based on the given options, maybe they intended a different problem.

Wait, let's look at the options. For example, option H is 3/(2a). If the integral was ∫_{-infty}^infty [1/(s² + a²)] ds, and if someone forgot the π, they might write it as 1/a, but the options have 1/a (B), 3/a (C), etc.

Alternatively, maybe the problem is a trick question where the answer is 0, but that's option A, which is unlikely because the integrand is positive everywhere.

Wait, another possibility: the problem is written as ""a^{3/2}"" but it's supposed to be ""1/(a^{3/2})"" or something else.

Alternatively, maybe it's a different integral, like ∫_{-infty}^infty [s^2 / (s^2 + a^2)] ds, but that diverges.

Alternatively, let's consider that maybe the problem is from a textbook where they use a different method, but I can't think of one.

Wait, let's try to compute the integral numerically for a specific a to see which option matches.

Let's take a = 1. Then the integral becomes ∫_{-infty}^infty [1^{3/2}/(s² + 1)] ds = ∫_{-infty}^infty 1/(s² + 1) ds = π ≈ 3.1416.

Now, let's check the options with a=1:

A. 0 → no

B. 1/1 = 1 → no

C. 3/1 = 3 → close to π (3.14)

D. 1/(2*1) = 0.5 → no

E. 1/(2*1) = 0.5 → no

F. 2/1 = 2 → no

G. 2*1 = 2 → no

H. 3/(2*1) = 1.5 → no

I. 3/(2*1) = 1.5 → no (wait, option I is 3/(2a²), so for a=1, it's 3/2=1.5)

J. 1/1² = 1 → no

So for a=1, the integral is approximately 3.14, which is close to option C (3), but not exactly. Maybe the problem intended to have a different exponent or a different integrand.

Alternatively, if the integral was from 0 to ∞ of [a^{3/2}/(s² + a²)] ds, then for a=1, it's (π/2) ≈ 1.57, which is close to option H (3/2=1.5) or I (3/2=1.5 for a=1).

Wait, option H is 3/(2a), so for a=1, it's 1.5, which is close to π/2 ≈ 1.57. Maybe the problem intended the integral from 0 to ∞ and the answer is 3/(2a), but that's a stretch.

Alternatively, maybe the problem is a misprint and the integrand is a^{3/2} s^2 / (s^2 + a^2), but that's speculative.

Alternatively, the problem might have been supposed to have a different exponent in the numerator. For example, if the numerator was a^{1/2}, then the integral would be π a^{1/2}/a = π / a^{1/2}, but still with π.

Given that the options don't have π, and the problem is from a multiple-choice context where the answer is one of the given options, perhaps the intended answer is H: 3/(2a) or C: 3/a.

Wait, another angle: maybe the integral is a definite integral that's being evaluated using a different method, like in probability. For example, the integral of 1/(s²"
"2","Okay, let's tackle this problem step by step. It's about Newton's Law of Cooling, right? So first, I need to recall the formula for Newton's Law of Cooling. I think it's T(t) = T_s + (T_0 - T_s)e^(-kt), where T(t) is the temperature at time t, T_s is the surrounding temperature, T_0 is the initial temperature, and k is a constant.

Let me confirm. Yes, Newton's Law of Cooling states that the rate of change of the temperature of an object is proportional to the difference between its temperature and the ambient temperature. So the differential equation is dT/dt = -k(T - T_s), which has the solution T(t) = T_s + (T_0 - T_s)e^(-kt). That's right.

Given:
- Initial temperature T_0 = 185°F
- Surrounding temperature T_s = 75°F
- After t = 30 minutes, T(30) = 155°F
- Part (a): Find T(45) in Fahrenheit.
- Part (b): Find t when T(t) = 100°F.

First, let's find the constant k using the given information at t=30.

So, plug into the formula:

155 = 75 + (185 - 75)e^(-k*30)

Simplify the right-hand side:

155 = 75 + 110e^(-30k)

Subtract 75 from both sides:

80 = 110e^(-30k)

Divide both sides by 110:

80/110 = e^(-30k)

Simplify 80/110 to 8/11:

8/11 = e^(-30k)

Take natural logarithm on both sides:

ln(8/11) = -30k

So, k = -ln(8/11)/30 = ln(11/8)/30 (since ln(a/b) = -ln(b/a))

Let me compute ln(11/8). Let's see, 11/8 is 1.375. ln(1.375) ≈ 0.31845 (I can check with calculator later, but for now, keep it symbolic).

But maybe we don't need to compute k numerically yet. Let's handle part (a) first.

Part (a): Find T(45).

T(45) = 75 + (185 - 75)e^(-k*45) = 75 + 110e^(-45k)

We know from earlier that e^(-30k) = 8/11, so e^(-45k) = (e^(-30k))^(45/30) = (8/11)^(3/2)

Because 45 is 1.5 times 30, so exponent is 1.5.

Yes, because e^(-45k) = e^(- (30k)*(3/2)) = (e^(-30k))^(3/2) = (8/11)^(3/2)

So T(45) = 75 + 110*(8/11)^(3/2)

Let's compute (8/11)^(3/2). First, (8/11)^(1/2) is sqrt(8/11), then cube it.

Alternatively, (8/11)^(3/2) = (8^3)/(11^3)^(1/2) = (512)/(1331)^(1/2) but maybe better to compute numerically.

Wait, let's compute (8/11) first. 8 divided by 11 is approximately 0.727272...

Then, (0.727272...)^(3/2) = (0.727272...) * sqrt(0.727272...)

First, sqrt(0.727272) ≈ sqrt(8/11) ≈ 0.85282 (since 0.85^2 = 0.7225, 0.8528^2 ≈ 0.7272)

Let me compute sqrt(8/11):

8/11 ≈ 0.727272727

sqrt(0.727272727) ≈ 0.85282267 (using calculator)

Then, (8/11)^(3/2) = (8/11) * sqrt(8/11) ≈ 0.727272727 * 0.85282267 ≈ 0.620

Let me compute that:

0.727272727 * 0.85282267 ≈ 0.727272727 * 0.85282267

Let's do 0.727272727 * 0.8 = 0.5818181816

0.727272727 * 0.05 = 0.03636363635

0.727272727 * 0.00282267 ≈ 0.727272727 * 0.002 = 0.001454545, 0.727272727 * 0.00082267 ≈ ~0.000600

So total approx 0.5818 + 0.03636 + 0.00145 + 0.0006 ≈ 0.6192

So (8/11)^(3/2) ≈ 0.6192

Then, 110 * 0.6192 ≈ 68.112

So T(45) ≈ 75 + 68.112 ≈ 143.112°F. So approximately 143.1°F.

Wait, let me check with more precise calculation.

Alternatively, use exact expressions first.

Let's compute k first.

From e^(-30k) = 8/11, so -30k = ln(8/11) => k = (ln(11) - ln(8))/30

Then, for t=45, e^(-45k) = e^(-45*(ln(11)-ln(8))/30) = e^(-(3/2)(ln(11)-ln(8))) = e^(ln(8^(3/2)/11^(3/2))) = (8^(3/2))/11^(3/2) = (8/11)^(3/2), which matches earlier.

So T(45) = 75 + 110*(8/11)^(3/2)

Let's compute (8/11)^(3/2):

First, 8/11 = 0.727272727...

(8/11)^(1/2) = sqrt(8)/sqrt(11) = (2*sqrt(2))/sqrt(11) ≈ 2*1.4142/3.3166 ≈ 2.8284/3.3166 ≈ 0.8528

Then (8/11)^(3/2) = (8/11)*sqrt(8/11) ≈ 0.727272727 * 0.85282267 ≈ let's compute this with more precision.

0.727272727 * 0.85282267:

Multiply 0.727272727 * 0.8 = 0.5818181816

0.727272727 * 0.05 = 0.03636363635

0.727272727 * 0.00282267 ≈ 0.727272727 * 0.002 = 0.001454545454

0.727272727 * 0.00082267 ≈ 0.727272727 * 0.0008 = 0.0005818181816; 0.727272727 * 0.00002267 ≈ ~0.0000164

So total for 0.00282267: 0.001454545 + 0.000581818 + 0.0000164 ≈ 0.00205276

So total (0.8 + 0.05 + 0.00282267) = 0.85282267

So 0.727272727 * 0.85282267 ≈ 0.5818181816 + 0.03636363635 + 0.00205276 ≈ 0.62023457

So (8/11)^(3/2) ≈ 0.62023457

Then 110 * 0.62023457 ≈ 68.2258027

So T(45) = 75 + 68.2258027 ≈ 143.2258°F. So approximately 143.2°F.

Wait, but maybe we need to be more precise. Let's use a calculator for better precision.

Alternatively, use natural logs.

Let me compute ln(8/11) = ln(8) - ln(11) ≈ 2.079441542 - 2.397895273 ≈ -0.318453731

So e^(-30k) = 8/11 ≈ 0.727272727, so -30k = ln(8/11) ≈ -0.318453731, so k ≈ 0.318453731 / 30 ≈ 0.010615124 per minute.

Then, for t=45 minutes, e^(-45k) = e^(-45*0.010615124) = e^(-0.47768058) ≈ let's compute that.

e^(-0.47768058) ≈ 1 / e^(0.47768058)

e^0.47768058 ≈ 1 + 0.47768058 + (0.47768058)^2/2 + (0.47768058)^3/6 + (0.47768058)^4/24

Compute:

0.47768058^2 ≈ 0.2282

0.47768058^3 ≈ 0.47768058 * 0.2282 ≈ 0.1088

0.47768058^4 ≈ 0.47768058 * 0.1088 ≈ 0.0519

So e^0.47768058 ≈ 1 + 0.47768 + 0.2282/2 + 0.1088/6 + 0.0519/24 ≈ 1 + 0.47768 + 0.1141 + 0.01813 + 0.00216 ≈ 1.61207

So e^(-0.47768058) ≈ 1 / 1.61207 ≈ 0.6202

So e^(-45k) ≈ 0.6202, so 110 * 0.6202 ≈ 68.222, so T(45) = 75 + 68.222 ≈ 143.222°F. So approximately 143.2°F.

But the problem says ""Your answer is [ANS] Fahrenheit."" So we need to give it as a number. Let's see if we can get a more precise value.

Alternatively, use exact computation with a calculator (pretending I have one here).

Let me compute (8/11)^(3/2):

First, 8/11 = 0.7272727272727273

sqrt(8/11) = sqrt(0.7272727272727273) ≈ 0.8528226732852153

Then (8/11)^(3/2) = 0.7272727272727273 * 0.8528226732852153 ≈ 0.7272727272727273 * 0.8528226732852153

Let's compute that:

0.7272727272727273 * 0.8528226732852153

Multiply 0.7272727272727273 * 0.8 = 0.5818181818181818

0.7272727272727273 * 0.05 = 0.036363636363636364

0.7272727272727273 * 0.0028226732852153 ≈ 0.7272727272727273 * 0.002 = 0.0014545454545454545

0.7272727272727273 * 0.0008226732852153 ≈ 0.000600 (approx)

So adding up: 0.5818181818 + 0.0363636364 = 0.6181818182 + 0.0014545455 = 0.6196363637 + 0.000600 ≈ 0.620236

So 0.620236

Then 110 * 0.620236 = 68.22596

So T(45) = 75 + 68.22596 = 143.22596°F. So approximately 143.23°F. But the problem says ""Your answer is [ANS] Fahrenheit."" Maybe we need to round to one decimal place? The problem says ""if decimals are required, use as many significant figures as possible, never round to fewer."" So probably 143.2 or 143.23? Let's see.

Wait, let's do it with more precise calculation.

Let me use a calculator approach:

Compute (8/11)^(3/2):

First, 8/11 = 0.7272727272727273

Take natural log: ln(0.7272727272727273) ≈ -0.318453731

Multiply by 3/2: -0.318453731 * 1.5 = -0.4776805965

Exponentiate: e^(-0.4776805965) ≈ 0.6202345

So 110 * 0.6202345 = 68.225795

So T(45) = 75 + 68.225795 = 143.225795°F. So approximately 143.23°F. But maybe the problem expects it to be exact in terms of the expression, but the question says ""Your answer is [ANS] Fahrenheit."" So probably a decimal, with as many sig figs as possible.

But let's check part ("
"3","Okay, let's see. The problem is to reduce the fraction 25/40. Hmm, reducing a fraction means simplifying it to its lowest terms by dividing both the numerator and the denominator by their greatest common divisor (GCD). 

First, I need to find the GCD of 25 and 40. Let's list the factors of each number. 

Factors of 25: 1, 5, 25.

Factors of 40: 1, 2, 4, 5, 8, 10, 20, 40.

The common factors are 1 and 5. The greatest one is 5. So GCD is 5.

Now, divide both numerator and denominator by 5. 

25 divided by 5 is 5.

40 divided by 5 is 8.

So the reduced fraction is 5/8. Let me check: 5 and 8 have no common factors other than 1, so that's simplified. 

The question says ""Reduce the fraction 25/40"". So the answer should be 5/8. Since it's a fraction, we write it as a fraction. The problem says ""EXACT answers where possible: fractions or exact expressions"". So 5/8 is the exact reduced form. 

I don't think there are any decimals here because 5 divided by 8 is 0.625, but the question says to use fractions if possible. So the answer is 5/8. 

Let me confirm: 25 divided by 5 is 5, 40 divided by 5 is 8. Yep, that's right. So the reduced fraction is 5/8.
</think>

To reduce the fraction $\frac{25}{40}$, we begin by identifying the **greatest common divisor (GCD)** of the numerator and denominator.

---

### Step 1: Find the GCD of 25 and 40

- Factors of 25: $1, 5, 25$
- Factors of 40: $1, 2, 4, 5, 8, 10, 20, 40$

The greatest common factor is **5**.

---

### Step 2: Divide both numerator and denominator by the GCD

$$
\frac{25 \div 5}{40 \div 5} = \frac{5}{8}
$$

This is now in its **lowest terms**, as 5 and 8 have no common factors other than 1.

---

### Final Answer

$$
\boxed{\frac{5}{8}}
$$"
"4","Okay, let's try to solve this problem step by step. The question is about finding the analytic function f(z) = u + iv, where u(x, y) is given as x³ + 6x²y - 3xy² - 2y³, and f(0) = 0. 

First, I remember that for a function to be analytic, the Cauchy-Riemann equations must be satisfied. So, if u(x, y) is the real part of an analytic function f(z), then v(x, y) (the imaginary part) can be found by integrating the partial derivatives of u with respect to x and y, using the Cauchy-Riemann conditions.

Let me recall the Cauchy-Riemann equations: for f(z) = u + iv, we have ∂u/∂x = ∂v/∂y and ∂u/∂y = -∂v/∂x.

First, let's compute the partial derivatives of u with respect to x and y.

Given u = x³ + 6x²y - 3xy² - 2y³.

Compute ∂u/∂x: derivative of x³ is 3x², 6x²y is 12xy, -3xy² is -3y², and -2y³ is 0. So ∂u/∂x = 3x² + 12xy - 3y².

Compute ∂u/∂y: derivative of x³ is 0, 6x²y is 6x², -3xy² is -6xy, -2y³ is -6y². So ∂u/∂y = 6x² - 6xy - 6y².

Now, from Cauchy-Riemann, ∂v/∂y = ∂u/∂x = 3x² + 12xy - 3y², and ∂v/∂x = -∂u/∂y = -6x² + 6xy + 6y².

To find v, we can integrate ∂v/∂y with respect to y, or ∂v/∂x with respect to x. Let's try integrating ∂v/∂y with respect to y.

Integrate ∂v/∂y = 3x² + 12xy - 3y² with respect to y:

v = ∫ (3x² + 12xy - 3y²) dy + h(x) = 3x²y + 6x y² - y³ + h(x).

Now, take the partial derivative of v with respect to x: ∂v/∂x = 6xy + 6y² + h'(x).

But from Cauchy-Riemann, ∂v/∂x should equal -∂u/∂y = -6x² + 6xy + 6y².

So set them equal:

6xy + 6y² + h'(x) = -6x² + 6xy + 6y².

Subtract 6xy + 6y² from both sides: h'(x) = -6x².

Integrate h'(x) with respect to x: h(x) = -2x³ + C, where C is a constant.

So v = 3x²y + 6x y² - y³ - 2x³ + C.

Therefore, the analytic function f(z) = u + iv is:

f(z) = [x³ + 6x²y - 3xy² - 2y³] + i[3x²y + 6x y² - y³ - 2x³ + C].

Let's combine terms to see if this can be written in terms of z. Remember that z = x + iy, so z³ = (x + iy)³ = x³ + 3x²(iy) + 3x(iy)² + (iy)³ = x³ + 3i x² y - 3x y² - i y³.

Let's compute (a + ib) z³. Let's see:

Let's suppose f(z) = (a + ib) z³. Let's expand (a + ib)(x + iy)³.

First, z³ = x³ + 3i x² y - 3x y² - i y³.

Multiply by (a + ib):

(a + ib)(x³ + 3i x² y - 3x y² - i y³) = a(x³ + 3i x² y - 3x y² - i y³) + ib(x³ + 3i x² y - 3x y² - i y³)

= a x³ + 3i a x² y - 3a x y² - i a y³ + i b x³ + 3i² b x² y - 3i b x y² - i² b y³

Simplify terms using i² = -1:

= a x³ + 3i a x² y - 3a x y² - i a y³ + i b x³ - 3b x² y - 3i b x y² + b y³

Now, group real and imaginary parts:

Real part (u): a x³ - 3a x y² - 3b x² y + b y³

Imaginary part (v): 3a x² y - a y³ + b x³ - 3b x y²

Wait, let's check the coefficients.

Wait, the problem states that u(x, y) = x³ + 6x²y - 3xy² - 2y³.

So the real part u should be equal to a x³ - 3a x y² - 3b x² y + b y³ (from above).

Let's write u as:

u = (a) x³ + (-3b) x² y + (-3a) x y² + (b) y³

Wait, in the expansion above, the real part is:

a x³ (from a x³) 

- 3a x y² (from -3a x y²)

- 3b x² y (from -3b x² y, since 3i² b x² y = -3b x² y)

+ b y³ (from +b y³, since -i² b y³ = +b y³)

So u = a x³ - 3b x² y - 3a x y² + b y³.

But the given u is x³ + 6x² y - 3x y² - 2y³.

So we need to equate coefficients:

For x³: a = 1 (since in given u, coefficient of x³ is 1)

For x² y: coefficient in u is 6, but in our expression it's -3b. So -3b = 6 ⇒ b = -2.

Check x y² term: in given u, coefficient is -3. In our expression, it's -3a. Since a = 1, this is -3(1) = -3. Which matches the given u's coefficient of -3x y². Good.

For y³: in given u, coefficient is -2. In our expression, it's b. Since b = -2, this is -2. Which matches. Perfect!

So the coefficients a = 1, b = -2. Therefore, the analytic function is (a + ib) z³ = (1 - 2i) z³.

Let's verify.

Let’s compute (1 - 2i) z³.

z = x + iy, z³ = x³ + 3i x² y - 3x y² - i y³.

Multiply by (1 - 2i):

(1 - 2i)(x³ + 3i x² y - 3x y² - i y³)

= 1*(x³ + 3i x² y - 3x y² - i y³) - 2i*(x³ + 3i x² y - 3x y² - i y³)

= x³ + 3i x² y - 3x y² - i y³ - 2i x³ - 6i² x² y + 6i x y² + 2i² y³

Simplify i² = -1:

= x³ + 3i x² y - 3x y² - i y³ - 2i x³ + 6x² y + 6i x y² - 2y³

Now, group real and imaginary parts:

Real part (u): x³ - 3x y² + 6x² y - 2y³. Which is x³ + 6x² y - 3x y² - 2y³. Exactly the given u!

Imaginary part (v): 3x² y - y³ - 2x³ + 6x y². Which is -2x³ + 6x y² + 3x² y - y³.

So that's correct.

Now, the problem states that f(0) = 0. Let's check: f(0) = (1 - 2i)(0)³ = 0. So that's satisfied.

Looking at the options, option C is (1 - 2i) z³. So the answer should be C.

Let me check the options again:

A. (6+4i) z^5

B. (4-5i) z^6

C. (1-2i) z^3

D. (2+i) z^3

E. (5+3i) z^7

F. (1+2i) z^2

G. (2-i) z^8

H. (3-2i) z^2

I. (2-3i) z^4

J. (3+4i) z^5

Yes, option C is (1 - 2i) z³. So the answer is C.
</think>

To determine the correct analytic function $ f(z) = u + iv $ that satisfies the given condition $ f(0) = 0 $, we begin by analyzing the real part $ u(x, y) = x^3 + 6x^2y - 3xy^2 - 2y^3 $.

---

### Step 1: Use Cauchy-Riemann Equations

For $ f(z) = u(x, y) + iv(x, y) $ to be analytic, it must satisfy the Cauchy-Riemann equations:

$$
\frac{\partial u}{\partial x} = \frac{\partial v}{\partial y}, \quad \frac{\partial u}{\partial y} = -\frac{\partial v}{\partial x}
$$

We compute the partial derivatives of $ u $:

- $ \frac{\partial u}{\partial x} = 3x^2 + 12xy - 3y^2 $
- $ \frac{\partial u}{\partial y} = 6x^2 - 6xy - 6y^2 $

From this, we find:

- $ \frac{\partial v}{\partial y} = 3x^2 + 12xy - 3y^2 $
- $ \frac{\partial v}{\partial x} = -6x^2 + 6xy + 6y^2 $

Integrating $ \frac{\partial v}{\partial y} $ with respect to $ y $ gives:

$$
v = 3x^2y + 6xy^2 - y^3 + h(x)
$$

Differentiating $ v $ with respect to $ x $ and equating to $ -\frac{\partial u}{\partial y} $, we find:

$$
h'(x) = -6x^2 \Rightarrow h(x) = -2x^3 + C
$$

So the full expression for $ v $ is:

$$
v = 3x^2y + 6xy^2 - y^3 - 2x^3 + C
$$

Therefore, the analytic function is:

$$
f(z) = u + iv = (x^3 + 6x^2y - 3xy^2 - 2y^3) + i(3x^2y + 6xy^2 - y^3 - 2x^3 + C)
$$

---

### Step 2: Express in Terms of $ z $

Let’s consider the general form $ f(z) = (a + ib)z^3 $. We expand $ (a + ib)(x + iy)^3 $ and match it with the given $ u(x, y) $.

Expanding $ z^3 = (x + iy)^3 = x^3 + 3ix^2y - 3xy^2 - iy^3 $, then multiplying by $ a + ib $, we get:

$$
f(z) = (a + ib)(x^3 + 3ix^2y - 3xy^2 - iy^3)
$$

After simplifying, the real part becomes:

$$
u = a x^3 - 3b x^2 y - 3a x y^2 + b y^3
$$

Matching this with the given $ u(x, y) = x^3 + 6x^2y - 3xy^2 - 2y^3 $, we equate coefficients:

- Coefficient of $ x^3 $: $ a = 1 $
- Coefficient of $ x^2y $: $ -3b = 6 \Rightarrow b = -2 $
- Coefficient of $ xy^2 $: $ -3a = -3 \Rightarrow a = 1 $ (consistent)
- Coefficient of $ y^3 $: $ b = -2 $ (consistent)

Thus, the function is:

$$
f(z) = (1 - 2i)z^3
$$

Also, since $ f(0) = (1 - 2i)(0)^3 = 0 $, the condition $ f(0) = 0 $ is satisfied.

---

### Final Answer

The correct option is:

$$
\boxed{C}
$$"
"5","Okay, let's tackle this problem step by step. The question is about converting the melting temperature of an unscented beeswax candle from Fahrenheit to Celsius, Kelvin, and Rankine. 

First, I need to recall the conversion formulas. Let's start with Fahrenheit to Celsius. The formula is °C = (°F - 32) * 5/9. The given temperature is 145°F. So I'll plug that in.

Calculating Celsius: (145 - 32) * 5/9. Let's compute 145 - 32 first. 145 minus 32 is 113. Then 113 * 5 is 565. Then divide by 9. Let me do that division: 565 / 9. Let me compute that. 9*62 is 558, so 565 - 558 is 7. So 62 + 7/9 ≈ 62.777... So approximately 62.7778°C. But since the question says to give exact answers where possible, fractions are better. 565/9 is the exact value, but maybe they want a decimal with many significant figures. Let me check.

Next, Kelvin. Kelvin is Celsius plus 273.15. So once we have Celsius, we add 273.15. So if Celsius is 565/9, then Kelvin is 565/9 + 273.15. Let's compute that. But maybe it's better to convert directly from Fahrenheit to Kelvin? Wait, no, the standard way is Fahrenheit to Celsius first, then Celsius to Kelvin. Let's do it step by step.

Wait, let's confirm the conversion formulas. 

Fahrenheit to Celsius: C = (F - 32) * 5/9. Correct.

Celsius to Kelvin: K = C + 273.15. So K = (F - 32) * 5/9 + 273.15.

Rankine is a temperature scale where 0°R is absolute zero, and the degree size is the same as Fahrenheit. So Rankine to Fahrenheit is R = F + 459.67. Wait, no: the Rankine scale is absolute, so 0°R = -459.67°F. So to convert Fahrenheit to Rankine, you add 459.67. So R = F + 459.67. Let me confirm. Yes, because the Rankine scale has the same increment as Fahrenheit, but starts at absolute zero. So 0°R = -459.67°F, so to get Rankine from Fahrenheit, you do F + 459.67. For example, 32°F is 491.67°R (since 32 + 459.67 = 491.67). That seems right.

So the three conversions needed are:

1. Celsius: (145 - 32) * 5/9 = 113 * 5 /9 = 565/9 ≈ 62.777777...

2. Kelvin: Celsius + 273.15 = 565/9 + 273.15. Let's compute that. 565 divided by 9 is approximately 62.777777..., so 62.777777... + 273.15 = 335.927777... So approximately 335.9278 K.

3. Rankine: Fahrenheit + 459.67 = 145 + 459.67 = 604.67°R.

Wait, is that right? Let me check Rankine again. Yes, Rankine is an absolute scale where 0°R is absolute zero, so the conversion from Fahrenheit to Rankine is R = F + 459.67. For example, 0°F is 459.67°R. So 145°F would be 145 + 459.67 = 604.67°R. That seems straightforward.

Let me verify each step.

First, Celsius: (145 - 32) = 113. 113 * 5 = 565. 565 / 9 = 62.777777... So 62.777...°C. To be precise, 565/9 is exactly 62 and 7/9, which is approximately 62.7777777778.

Kelvin: Celsius + 273.15. So 62.777777... + 273.15 = 335.927777... So approximately 335.927777... K. Let's compute it more precisely. 273.15 is exact for the Kelvin offset (though in some contexts, it's 273.15, but the standard is 273.15). So 565/9 is 62.77777777777778. Adding 273.15 gives 62.77777777777778 + 273.15 = 335.9277777777778. So approximately 335.9277778 K.

Rankine: 145 + 459.67 = 604.67°R. Wait, 459.67 is a standard conversion factor (since the Rankine scale is defined such that 0°R = -459.67°F). So 145 + 459.67 = 604.67 exactly? Let's check: 459.67 + 145 = 604.67. Yes, that's correct.

Wait, but the problem says ""degrees Kelvin"" which is just Kelvin (K), and ""degrees Rankine"" (°R). So the question is asking for three answers: Celsius, Kelvin, Rankine.

Let me write down each one with as many significant figures as possible.

First, Celsius: (145 - 32) * 5/9 = 113 * 5 /9 = 565/9 ≈ 62.7777777778. Since 145 is a whole number, but the conversion factors are exact (5/9 is exact, 32 is exact). So the precision here is determined by the input. 145 has three significant figures. So the answer should have three significant figures? Wait, but the problem says ""if decimals are required, use as many significant figures as possible, never round to fewer"". So we need to keep as many as possible without rounding.

Let's compute each with high precision.

Celsius: 145°F to °C.

145 - 32 = 113.0

113.0 * 5 = 565.0

565.0 / 9 = 62.77777777777778...

So 62.77777777777778°C.

Kelvin: 62.77777777777778 + 273.15 = 335.9277777777778 K.

Rankine: 145 + 459.67 = 604.67°R.

Wait, 459.67 is a standard value (the exact conversion from Fahrenheit to Rankine is R = F + 459.67, where 459.67 is the offset). So 145 + 459.67 is exactly 604.67.

Let me confirm Rankine conversion. Yes, the Rankine scale is defined such that 0°R is absolute zero, which is -459.67°F. So the conversion formula is R = F + 459.67. So 145°F is 145 + 459.67 = 604.67°R. That's correct.

So the three answers are:

- Celsius: approximately 62.7777777778°C

- Kelvin: approximately 335.9277777778 K

- Rankine: 604.67°R

The problem says ""put ALL of them in ONE \\boxed{}"". So the answer should be three values: Celsius, Kelvin, Rankine. Let's check the question again: ""What is the temperature in degrees Celsius? [ANS] degrees Kelvin? [ANS] degrees Rankine? [ANS]""

So three answers. The example 2 had two answers in the box: 23, 12. So here, three answers: Celsius, Kelvin, Rankine.

Let me write them with sufficient precision.

Celsius: 565/9 is exactly 62.777... So as a decimal, it's 62.77777777777778... (infinite 7s). But since the problem says ""exact answers where possible"", but Celsius here is a repeating decimal, so we can write it as a fraction, but the problem says ""if decimals are required, use as many significant figures as possible"". The question says ""Give EXACT answers where possible: fractions or exact expressions like (1/2)^(36/31), not decimals."" So for Celsius, 565/9 is exact. But the problem might expect decimal with many figures.

Wait, the problem says: ""Give EXACT answers where possible: fractions or exact expressions... If decimals are required, use as many significant figures as possible, never round to fewer.""

So for Celsius, 565/9 is exact, but maybe they want decimal. Let's see. Let's check the example: in example 1, they did exact calculation (4) as integer, so they put B. In example 2, they did exact numbers (23, 12) as integers.

In this problem, the conversions are not integers, so we need to present decimals with many sig figs.

Let's compute each with high precision.

First, Celsius:

(145 - 32) = 113.0

113.0 * 5 = 565.0

565.0 / 9 = 62.77777777777778... So 62.77777777777778°C. Let's write it as 62.7777777778 (but with as many as possible). Since 565/9 is 62.777..., we can write it as 62.77777777777778 (maybe 16 decimal places).

Kelvin: 62.77777777777778 + 273.15 = 335.9277777777778 K.

Rankine: 145 + 459.67 = 604.67°R. That's exact because 459.67 is a defined value (the offset for Rankine). So 604.67 is exact here.

Wait, 459.67 is a decimal with two decimal places, but in reality, the Rankine scale is defined with 459.67 as the offset (since 0°R = -459.67°F), so 145 + 459.67 is exactly 604.67. So that's two decimal places.

But the problem says ""never round to fewer"". So for Rankine, it's 604.67 exactly.

For Celsius and Kelvin, we need to compute with high precision.

Let me use a calculator-like approach.

Celsius: (145 - 32) * 5 / 9 = 113 * 5 / 9 = 565 / 9 ≈ 62.77777777777778

Kelvin: 565/9 + 273.15 = (565 + 273.15 * 9) / 9 = (565 + 2458.35) / 9 = 3023.35 / 9 ≈ 335.9277777777778

Wait, 273.15 * 9 = 2458.35. Then 565 + 2458.35 = 3023.35. 3023.35 / 9 = 335.9277777777778.

Yes, that's correct.

So the three answers are:

Celsius: 62.77777777777778

Kelvin: 335.9277777777778

Rankine: 604.67

The problem says ""count how many values the question asks for and put ALL of them in ONE \\boxed{}"". The question asks for three values: Celsius, Kelvin, Rankine.

Let me check if Rankine is 604.67 or 604.670... but since 459.67 has two decimal places, adding 145 (which is a whole number) gives 604.67 exactly.

So the answers are:

Celsius: approximately 62.7777777778

Kelvin: approximately 335.9277777778

Rankine: 604.67

The problem says ""use as many significant figures as possible"". Let's check the significant figures.

The input temperature is 145°F, which has three significant figures. So the converted values should have three significant figures? But the problem says ""never round to fewer"". So maybe they want the exact decimal expansions as possible without rounding.

Wait, the problem says ""Keep ALL intermediate calculations to as many significant figures as possible to avoid rounding errors."" So we need to compute with high precision.

Let's do the calculations step by step with high precision.

First, Celsius:

(145 - 32) = 113.0 (exactly)

113.0 * 5 = 565.0 (exactly)

565.0 / 9 = 62.77777777777778... (repeating 7)

So 62.77777777777778°C.

Kelvin:

62.77777777777778 + 273.15 = 335.9277777777778 K.

Rankine:

145 + 459.67 = 604.67°R.

So the three answers are 62.77777777777778, 335.9277777777778, and 604.67.

The problem says ""put ALL of them in ONE \\boxed{}"". So the box should be \boxed{62.77777777777778, 335.9277777777778, 604.67}

Wait, but the Rankine value is exactly 604.67, so maybe we can write it as 604.670000... but the problem says ""as many significant figures as possible"". Since 459.67 has two decimal places, adding 145 (integer) gives two decimal places, so 604.67 is exact with two decimal places.

Let me check if 459.67 is precise. In reality, the Rankine scale is defined such that 0°R = -459.67°F, so the conversion is exact as R = F + 459.67. So 145 + 459.67 is exactly 604.67.

For Celsius and Kelvin, since the conversion factors are exact (5/9 is exact, 32 is exact, 273.15 is exact for the Kelvin offset), the decimal expansions are repeating for Celsius (62.777...), and Kelvin is a non-repeating decimal (since 273.15 is a terminating decimal).

Wait, 273.15 is 27315/100, so when adding to 565/9, the result is (565*100 + 27315*9)/(9*100) = (56500 + 245835)/900 = 302335/900 = 60467/180 ≈ 335.927777...

So 335.927777... with the 7 repeating.

So to write them with high precision:

Celsius: 62.77777777777778 (16 decimal places)

Kelvin: 335.9277777777778 (16 decimal places)

Rankine: 604.67 (exactly)

The problem says ""never round to fewer"". So we need to present them without rounding.

In"
"6","Okay, let's try to figure out these two questions. So, the problem is about understanding what f(45) and f inverse (40) mean in terms of price and quantity sold. 

First, the setup: p is the price of an item, q is the number of items sold at that price, and q = f(p). So, f is a function that takes a price p and gives the quantity sold q. 

Let me parse the first question: ""f(45) is the [ANS]"". The options are A to G. 

Since q = f(p), that means when you plug in a price p into f, you get the quantity q sold. So f(45) would be the quantity sold when the price is 45. Let's check the options. Option G says ""number of items sold when the price is 45"". That seems right. Let me check the other options to be sure. 

Option A: ""price for which 45 items are sold"" – no, that would be the inverse function. If they wanted the price where 45 items are sold, that would be f inverse (45). So A is not it. 

Option B: ""rate at which the price is changing when 45 items are sold"" – that's a derivative, like dp/dq or something, not f(45). 

Option C: ""average price of the first 45 items sold"" – average price would be total revenue over total quantity, but f(45) is a single quantity, not an average. 

Option D: ""rate at which items are sold when the price is 45"" – rate of sale would be dq/dt or something, but f(45) is just the quantity at price 45, not a rate. 

Option E: ""revenue generated by the sale of 45 items"" – revenue would be p*q, so if 45 items are sold at price p, revenue is 45p. But f(45) is quantity sold at price 45, so revenue would be 45*45, but that's not what f(45) is. 

Option F: ""median number of items sold if the price is no more than 45"" – median is a different concept here, and f(45) is a specific quantity, not a median. 

Option G: ""number of items sold when the price is 45"" – yes, that's exactly q = f(p), so when p=45, q=f(45). So G is correct.

Now the second question: ""f inverse (40) is the [ANS]"". Let's recall that f inverse (x) is the price p such that f(p) = x. So if q = f(p), then p = f inverse (q). So f inverse (40) would be the price p where f(p) = 40, meaning the price at which 40 items are sold. 

Let's check the options. 

Option A: ""average price of the first 40 items sold"" – no, average price is different. 

Option B: ""price at which 40 items will be sold"" – yes, that sounds right. Because f inverse (40) gives the price p such that q = 40 (since q = f(p)), so the price where 40 items are sold. 

Option C: ""rate at which items are sold when the price is 40"" – again, rate would be derivative. 

Option D: ""number of the first 40 items that are returned for refund"" – that's not related to f inverse. 

Option E: ""revenue generated by the sale of 40 items"" – revenue is price times quantity, so 40*p, but f inverse (40) is the price p, not the revenue. 

Option F: ""rate at which the price is changing when 40 items are sold"" – again, derivative. 

Option G: ""number of items sold when the price is 40"" – that's f(40), not f inverse (40). 

So option B is correct for the second question.

Let me just confirm. For the first one, f(p) = q, so f(45) is q when p=45. So G. For the second, f inverse(q) = p, so f inverse(40) is p when q=40, so the price at which 40 items are sold, which is option B. 

Yes, that makes sense. So the answers are G and B.
</think>

\\boxed{G, B}"
"7","Okay, let's see. The problem is asking for the slope m of the line that goes through the points (-2, -5) and (7, 8). Hmm, right. I remember that the slope between two points (x1, y1) and (x2, y2) is calculated using the formula m = (y2 - y1)/(x2 - x1). 

First, I need to identify the coordinates. Let's take the first point as (-2, -5), so x1 = -2, y1 = -5. The second point is (7, 8), so x2 = 7, y2 = 8.

Plugging into the slope formula: m = (8 - (-5)) / (7 - (-2)). Let me compute the numerator and denominator separately. 

Numerator: 8 - (-5) is 8 + 5, which is 13. 

Denominator: 7 - (-2) is 7 + 2, which is 9. 

So the slope m is 13/9. Let me check that again. Yep, the difference in y is 8 - (-5) = 13, and the difference in x is 7 - (-2) = 9. So 13 divided by 9 is the slope. 

I think that's it. The question just asks for the slope m, so the answer should be 13/9. Let me make sure there's no trick here. The problem says ""the equation of the line... can be written in the form y=mx+b where its slope m is: [ANS]"". So they just want the slope, which is 13/9. 

No, that seems straightforward. I don't think I made a mistake here. Let me recalculate: from (-2, -5) to (7, 8), the run is 7 - (-2) = 9, the rise is 8 - (-5) = 13. So rise over run is 13/9. Yep, that's correct. So the answer is 13/9.
</think>

The slope $ m $ of the line passing through the points $(-2, -5)$ and $(7, 8)$ is calculated using the formula:

$$
m = \frac{y_2 - y_1}{x_2 - x_1}
$$

Substituting the given coordinates:
- $ x_1 = -2 $, $ y_1 = -5 $
- $ x_2 = 7 $, $ y_2 = 8 $

$$
m = \frac{8 - (-5)}{7 - (-2)} = \frac{8 + 5}{7 + 2} = \frac{13}{9}
$$

The question asks for the value of the slope $ m $, which is exactly $ \frac{13}{9} $.

\\boxed{\dfrac{13}{9}}"
"8","Okay, let's try to figure out this problem. So, the question is about strontium-90 with a half-life of 31 years. We need to find what fraction of the strontium-90 absorbed in 1963 remained in people's bones in 1999. 

First, I need to remember how half-life works. The formula for radioactive decay is usually N(t) = N0 * (1/2)^(t / T), where N(t) is the remaining quantity after time t, N0 is the initial quantity, T is the half-life. 

So, first step: find the time elapsed between 1963 and 1999. Let's calculate that. 1999 minus 1963. Let's see, 1999 - 1963 = 36 years. So t = 36 years.

The half-life T is 31 years. So the fraction remaining is (1/2)^(t / T) = (1/2)^(36 / 31). 

Wait, let me confirm. The problem says ""what fraction... remained"". So yes, the fraction is (1/2) raised to the number of half-lives that have passed. The number of half-lives is t / T, which is 36 / 31. 

So the answer should be (1/2)^(36/31). But the problem says ""Enter your answer as a decimal or fraction."" Hmm, but they might want it as a decimal. Wait, the example in the problem statement says ""fraction=[ANS]"" and says ""Enter your answer as a decimal or fraction."" But the user instruction says: ""Give EXACT answers where possible: fractions or exact expressions like (1/2)^(36/31), not decimals."" So maybe they want the exact expression. Let me check the problem statement again.

The problem says: ""what fraction of the strontium-90 absorbed in 1963 remained in people's bones in 1999? fraction=[ANS] (Enter your answer as a decimal or fraction.)""

But the user instruction says: ""Give EXACT answers where possible: fractions or exact expressions like (1/2)^(36/31), not decimals."" So probably they want (1/2)^(36/31) as the exact answer. Let me make sure.

Wait, let's think. The half-life formula is correct here. The time elapsed is 1999 - 1963 = 36 years. So t = 36, T = 31. So the fraction is (1/2)^(36/31). That's the exact value. If they wanted a decimal, we'd have to calculate it, but the user says ""EXACT answers where possible"". Since (1/2)^(36/31) is an exact expression, that's the answer. 

Wait, but the problem says ""fraction=[ANS]"" and ""Enter your answer as a decimal or fraction."" But the user's instructions say to give exact answers where possible. So in this case, the exact answer is (1/2)^(36/31), which is a fraction in the form of an exponent. So I think that's the answer they want.

Let me check if there's any chance I messed up the time. 1963 to 1999: 1999 - 1963 = 36. Yes, that's correct. For example, 1963 to 1964 is 1 year, so 1999 - 1963 = 36 years. So t = 36.

Half-life is 31 years, so the exponent is 36/31. So the fraction remaining is (1/2)^(36/31). 

I don't think we need to compute the decimal here because the problem says ""exact answers where possible"". Since this is a fractional exponent, it's an exact expression, so we should present it as (1/2)^(36/31). 

Wait, the problem says ""fraction=[ANS]"". So maybe they want it written as a fraction, but in this case, it's not a simple fraction; it's a power of 1/2. So the exact answer is (1/2)^(36/31). 

Let me confirm with the examples given. In Example 1, they had a multiple choice with a numerical answer, but here it's a free-form question. The user's instruction says: ""Give EXACT answers where possible: fractions or exact expressions like (1/2)^(36/31), not decimals."" So yes, (1/2)^(36/31) is the exact answer. 

I think that's it. So the answer is (1/2)^(36/31). Let me write that as \boxed{\left(\frac{1}{2}\right)^{\frac{36}{31}}}.

Wait, the problem says ""fraction=[ANS]"". Maybe they want it as a decimal, but the user instruction says ""EXACT answers where possible"". Since (1/2)^(36/31) is exact, we should present that. If they wanted a decimal, they would have said to approximate, but the problem says ""exact"". So I think that's the answer.
</think>

To determine the fraction of strontium-90 that remained in people's bones from 1963 to 1999, we apply the **radioactive decay formula**:

$$
N(t) = N_0 \left(\frac{1}{2}\right)^{t / T}
$$

Where:
- $ N(t) $ is the remaining quantity after time $ t $,
- $ N_0 $ is the initial quantity (which we can consider as 1 for the purpose of finding a *fraction*),
- $ T $ is the half-life of the substance,
- $ t $ is the elapsed time.

---

### Step 1: Determine the elapsed time

We are given:
- Strontium-90 was absorbed in **1963**
- We want to find the amount remaining in **1999**

So the elapsed time is:

$$
t = 1999 - 1963 = 36 \text{ years}
$$

---

### Step 2: Use the half-life

The half-life of strontium-90 is:

$$
T = 31 \text{ years}
$$

Substitute into the decay formula to find the **fraction remaining**:

$$
\text{Fraction remaining} = \left(\frac{1}{2}\right)^{t / T} = \left(\frac{1}{2}\right)^{36 / 31}
$$

This expression is **exact**, and it represents the precise fraction of strontium-90 that remains after 36 years with a 31-year half-life.

---

### Final Answer

Since the problem asks for an exact answer and specifies that decimals should be avoided unless necessary, the correct and exact form of the answer is:

$$
\boxed{\left(\frac{1}{2}\right)^{\frac{36}{31}}}
$$"
"9","Okay, let's try to solve this problem step by step. First, let's make sure I understand the problem correctly.

The problem says: ""The melting speed of half of the spherical snowdrift is directly proportional to the surface area of the hemisphere, and the proportional coefficient is k > 0."" Hmm, wait, maybe it's a translation issue? Let me parse it again.

Wait, the original problem is in Chinese maybe? But the user wrote it in English. Let me re-read: ""The melting speed of half of the spherical snowdrift is directly proportional to the surface area of the hemisphere..."" Hmm, maybe it's supposed to be ""the rate of melting of the snowdrift (which is a sphere) is proportional to the surface area of the hemisphere""? Wait, no, a sphere melted into a hemisphere? Wait, the problem says ""the shape remains unchanged during the melting process"". So the snowdrift is a sphere that's melting, but as it melts, it remains a sphere? Wait, no, it says ""the melting speed of half of the spherical snowdrift is directly proportional to the surface area of the hemisphere"". Maybe it's a translation of a problem where the snowdrift is a hemisphere? Wait, the problem mentions ""the volume of the snowdrift with radius r₀ is the original 1/8 after melting for 3 hours"".

Wait, let's try to model this. Let's assume that the snowdrift is a sphere (since it's a spherical snowdrift). When it melts, the volume decreases, but the shape remains a sphere (so it's a sphere that's shrinking over time). The problem says ""the melting speed of half of the spherical snowdrift is directly proportional to the surface area of the hemisphere"". Maybe ""melting speed"" here refers to the rate of change of volume? In other words, the rate at which the volume decreases is proportional to the surface area.

In typical related rates problems, for a sphere, the volume V = (4/3)πr³, surface area S = 4πr². If the rate of melting (dV/dt) is proportional to the surface area, then dV/dt = -kS, where k is a positive constant (the proportional coefficient). The negative sign indicates volume is decreasing.

Wait, the problem says ""the melting speed of half of the spherical snowdrift is directly proportional to the surface area of the hemisphere"". Maybe ""half"" is a mistranslation. Let's check the original problem statement again.

""The melting speed of half of the spherical snowdrift is directly proportional to the surface area of the hemisphere, and the proportional coefficient is k > 0. Suppose that the shape remains unchanged during the melting process, and suppose that the volume of the snowdrift with radius r₀ is the original 1/8 after melting for 3 hours, and the time required for full melting is ().""

Hmm, maybe ""half"" here is a mistake. Let's think. If the snowdrift is a sphere (spherical), then when it melts, it remains a sphere (shape unchanged), so the volume is V = (4/3)πr³. The rate of melting (dV/dt) is proportional to the surface area (S = 4πr²). So dV/dt = -kS, where k > 0 (since melting, volume decreases).

Let's write the differential equation: dV/dt = -k * 4πr².

But V = (4/3)πr³, so dV/dr = 4πr², so dV/dt = (dV/dr)(dr/dt) = 4πr² dr/dt.

Therefore, 4πr² dr/dt = -k * 4πr² ⇒ dr/dt = -k. So the radius decreases linearly with time? Wait, that's interesting. If dr/dt is constant, then r(t) = r₀ - kt.

But let's check. If dV/dt = -kS, then dV/dt = -k*(4πr²). But V = (4/3)πr³, so dV/dt = 4πr² dr/dt. Therefore, 4πr² dr/dt = -k*4πr² ⇒ dr/dt = -k. So yes, dr/dt is constant, so r(t) = r₀ - kt.

Then volume V(t) = (4/3)π(r₀ - kt)³.

The problem states: ""the volume of the snowdrift with radius r₀ is the original 1/8 after melting for 3 hours"". Wait, original volume is V₀ = (4/3)πr₀³. After 3 hours, volume is V(3) = (1/8)V₀.

So V(3) = (4/3)π(r₀ - 3k)³ = (1/8)(4/3)πr₀³ ⇒ (r₀ - 3k)³ = (1/8)r₀³ ⇒ r₀ - 3k = (1/2)r₀ ⇒ 3k = (1/2)r₀ ⇒ k = r₀/(6).

Now, the time required for full melting is when V(t) = 0. So (r₀ - kt)³ = 0 ⇒ r₀ - kt = 0 ⇒ t = r₀/k. From above, k = r₀/6, so t = r₀/(r₀/6) = 6 hours. Wait, but the options include A. 6 hours. But wait, is this correct?

Wait, hold on. Let's check the problem statement again: ""the volume of the snowdrift with radius r₀ is the original 1/8 after melting for 3 hours"". Wait, maybe ""the volume of the snowdrift with radius r₀"" is confusing. Maybe it's ""the volume of the snowdrift (which has radius r₀) is the original 1/8 after melting for 3 hours"". So original volume is V₀ = (4/3)πr₀³, after 3 hours, volume is V₀/8.

So V(t) = (4/3)πr(t)³, and dV/dt = -k*(surface area). The surface area of the sphere is 4πr², so dV/dt = -k*4πr².

But as we saw, dV/dt = 4πr² dr/dt, so 4πr² dr/dt = -4πk r² ⇒ dr/dt = -k (constant). So r(t) = r₀ - kt.

Then V(t) = (4/3)π(r₀ - kt)³. So V(t)/V₀ = [(r₀ - kt)/r₀]³. The problem says that after 3 hours, V(3)/V₀ = 1/8. So [(r₀ - 3k)/r₀]³ = 1/8 ⇒ (r₀ - 3k)/r₀ = 1/2 ⇒ 1 - 3k/r₀ = 1/2 ⇒ 3k/r₀ = 1/2 ⇒ k/r₀ = 1/6.

Time to full melting is when r(t) = 0 ⇒ r₀ - kt = 0 ⇒ t = r₀/k. Since k/r₀ = 1/6, then t = 6 hours. So answer is A. 6 hours.

But wait, the problem mentions ""the melting speed of half of the spherical snowdrift is directly proportional to the surface area of the hemisphere"". Maybe the problem is about a hemisphere? Let's consider that.

Suppose the snowdrift is a hemisphere. Then volume of hemisphere is (2/3)πr³, surface area (including the flat face?) Wait, the problem says ""the surface area of the hemisphere"". Usually, hemisphere surface area (for melting) would be the curved surface area, which is 2πr² (since a full sphere is 4πr², hemisphere is half, so 2πr²). Wait, but the problem says ""the melting speed... is directly proportional to the surface area of the hemisphere"". Maybe the melting rate (dV/dt) is proportional to the surface area of the hemisphere (the curved part).

Let's try that. Suppose the snowdrift is a hemisphere. Volume V = (2/3)πr³. Surface area (curved) S = 2πr².

Then dV/dt = -kS = -k*2πr².

Compute dV/dr = 2πr², so dV/dt = 2πr² dr/dt. Therefore, 2πr² dr/dt = -2πk r² ⇒ dr/dt = -k (constant). So same as before.

Volume ratio: V(t)/V₀ = [(r₀ - kt)/r₀]³. After 3 hours, V(3)/V₀ = 1/8, so same as before: (r₀ - 3k)/r₀ = 1/2 ⇒ t_full = 6 hours.

Wait, but the problem says ""the melting speed of half of the spherical snowdrift"". Maybe ""half"" is a mistranslation of ""the rate of melting"" (i.e., the speed of melting is proportional to surface area). In Chinese, maybe the term for ""rate"" is translated as ""speed"" here.

Another angle: In some problems, the rate of change of volume is proportional to surface area, which leads to a linear decrease in radius (as we saw), so volume decreases as the cube of radius. So if after time t, volume is V₀*(r/r₀)³, then when volume is 1/8, r/r₀ = 1/2, so the radius is halved. If the radius decreases linearly (since dr/dt is constant), then the time to go from r₀ to r₀/2 is 3 hours (given), so time to go from r₀ to 0 is 6 hours (since it's linear). That makes sense.

Wait, but let's confirm with the differential equation. If dV/dt = -kS, then for a sphere:

V = (4/3)πr³ ⇒ dV/dt = 4πr² dr/dt = -k*4πr² ⇒ dr/dt = -k. So yes, radius decreases linearly with time. Therefore, the time taken to reduce the radius by a fraction is proportional to the fraction.

So if after 3 hours, the radius is halved (since volume is 1/8, so r = r₀/2), then the time to go from r₀ to 0 is 6 hours (since it's linear: 3 hours for half, so 6 hours for full).

Yes, that seems right. So the answer should be A. 6 hours.

Wait, but let's check the options: A is 6 hours. Let me see if there's a mistake here.

Wait, another thought: Sometimes in melting problems, the rate is proportional to the surface area, but the volume is proportional to r³, so the time to melt a fraction is related to the cube root. But in this case, since dr/dt is constant, the time is linear in the radius.

For example, if the radius decreases by Δr in time Δt, then the total time to go from r₀ to 0 is (r₀ / Δr) * Δt. But in this problem, after 3 hours, the radius is halved, so Δr = r₀/2, so time to go from r₀ to 0 is 6 hours.

Yes, that seems correct.

Let me think if there's another interpretation. Suppose the problem says ""the melting speed of half of the spherical snowdrift"" – maybe ""half"" refers to the hemisphere? Like, the snowdrift is a hemisphere, and the melting speed is proportional to the surface area of the hemisphere.

But in any case, the key is that volume is proportional to r³, and the rate of volume change is proportional to surface area (proportional to r²), so the radius decreases linearly with time. Therefore, the time to reduce the radius by a factor of 2 is 3 hours, so total time to zero is 6 hours.

Yes, I think that's it. So the answer is A. 6 hours.
</think>

To solve the problem, we analyze the given information and model the melting process mathematically.

---

### **Understanding the Problem**

We are told that:

- The **melting speed** of the snowdrift is **directly proportional to the surface area** of the hemisphere.
- The **shape remains unchanged** during melting.
- After **3 hours**, the **volume** of the snowdrift (with initial radius $ r_0 $) becomes **$ \frac{1}{8} $** of its original volume.
- We are to find the **time required for full melting**.

This implies that the snowdrift is a **sphere** (since it's described as ""spherical""), and the melting process follows a specific rate governed by surface area.

---

### **Modeling the Melting Process**

Let’s assume the snowdrift is a **sphere** with radius $ r(t) $ at time $ t $. Then:

- Volume:  
  $$
  V(t) = \frac{4}{3}\pi r(t)^3
  $$

- Surface area:  
  $$
  S(t) = 4\pi r(t)^2
  $$

The problem states that the **melting speed** (i.e., the rate of change of volume) is **proportional to the surface area**:
$$
\frac{dV}{dt} = -k \cdot S(t) = -k \cdot 4\pi r(t)^2
$$

But from the chain rule:
$$
\frac{dV}{dt} = \frac{dV}{dr} \cdot \frac{dr}{dt} = 4\pi r^2 \cdot \frac{dr}{dt}
$$

Equating the two expressions:
$$
4\pi r^2 \cdot \frac{dr}{dt} = -4\pi k r^2 \Rightarrow \frac{dr}{dt} = -k
$$

So the **radius decreases linearly** with time:
$$
r(t) = r_0 - kt
$$

---

### **Using Given Information**

After 3 hours, the volume is $ \frac{1}{8} $ of the original:

$$
V(3) = \frac{1}{8} V_0
$$

Since $ V(t) = \frac{4}{3}\pi r(t)^3 $, we have:
$$
\left(\frac{r(3)}{r_0}\right)^3 = \frac{1}{8} \Rightarrow \frac{r(3)}{r_0} = \frac{1}{2}
$$

From the linear model:
$$
r(3) = r_0 - 3k = \frac{1}{2} r_0 \Rightarrow 3k = \frac{1}{2} r_0 \Rightarrow k = \frac{r_0}{6}
$$

---

### **Finding Time for Full Melting**

Full melting occurs when $ r(t) = 0 $, so:
$$
r_0 - kt = 0 \Rightarrow t = \frac{r_0}{k}
$$

Substitute $ k = \frac{r_0}{6} $:
$$
t = \frac{r_0}{r_0/6} = 6
$$

---

### **Conclusion**

The time required for the snowdrift to fully melt is **6 hours**.

$$
\boxed{A}
$$"
